{
    "raw/hold/images/santa-rosa-wildfire_pre_disaster_00000195": [
        [
            0.3754892798031079,
            0.40733158261168245,
            0.32589658849379594
        ],
        [
            0.1456615522257194,
            0.10128392530344824,
            0.10660391726366136
        ]
    ],
    "raw/hold/images/santa-rosa-wildfire_post_disaster_00000195": [
        [
            0.4388867733525295,
            0.45462013319426875,
            0.36859298032872817
        ],
        [
            0.15030724227122172,
            0.12851434338527828,
            0.1264664713789143
        ]
    ]
}